{"type":"quadcraft_quadraygrid4_state","selq":[0,18,2,28],"camera":{"offsetX":731,"offsetY":141,"zoom":0.38742048900000015,"angleX":0.10999999999999997,"angleY":1.0100000000000038},"camPos":[11.990900617925435,48.88387948012055,89.1810517602179],"camQ":[0.24159791045776927,-0.953997513950905,0.1327433517830147,-0.11789145683781925],"textBoxToEval":"fillGridByFunc(selq, 5, q=>{\n\treturn q.toCartesian()[0]==0\n});\n/*fillGridByFunc(selq, 8, q=>{\n\treturn q.toCartesian()[0]<0\n});*/\n/*AddColoredDots(gridDotsNear(selq,5),'green');\n*/\n/*fillGridByFunc(selq, 5, q=>{\n\treturn Math.random()<.3;\n});*/\n","grid":{"oct":[[0,0,0,0],[0,22,0,18]],"tetZ":[[0,22,0,18]],"tetC":[[0,22,0,18]]},"ccp":{"7,16":[-35,-25,-5,8],"11,20":[-39,-29,-9,1],"12,21":[-10,0],"13,22":[-11,-1],"14,23":[-12,-2],"15,24":[-13,-3],"16,25":[-14,-3],"17,26":[-15,-5],"18,27":[-16,-6],"19,28":[-17,-7],"20,29":[-18,-8],"21,30":[-19,-9],"20,28":[-17,-7],"20,27":[-16,-6],"20,26":[-15,-5],"20,25":[-14,-4],"20,24":[-13,-3],"20,23":[-12,-2],"20,22":[-11,-1],"20,21":[-10,0],"20,20":[-9,1],"20,19":[-8,2],"20,18":[-7,3],"20,17":[-6,4],"20,16":[-5,5],"20,15":[-4,6],"20,14":[-3,7],"16,22":[-10,0],"16,23":[-11,-1],"16,24":[-12,-2],"16,26":[-14,-4],"16,27":[-15,-5],"16,28":[-16,-6],"16,29":[-17,-7],"16,30":[-18,-8],"16,31":[-51,-41,-19,-9],"16,32":[-20,-10],"15,28":[-16,-6],"14,27":[-15,-5],"13,26":[-14,-4],"12,25":[-13,-3],"11,24":[-41,-31,-12,-2],"10,23":[-11,-1],"9,22":[-10,0],"8,21":[-9,1],"7,20":[-59,17,22,33],"6,19":[-7,3],"7,21":[-59,-48],"8,26":[-59,-49],"7,26":[-59,-49],"7,27":[-59,-49],"8,28":[-60,-50],"8,29":[-61,-51],"8,30":[-61,-51],"8,31":[-62,-52],"9,32":[-63,-53],"10,32":[-64,-54],"10,33":[-65,-55],"11,33":[-66,-56],"12,34":[-67,-57],"12,33":[-67,-57],"13,34":[-68,-58],"14,34":[-68,-58],"15,34":[-69,-59],"16,34":[-70,-60],"17,34":[-71,-60],"18,34":[-71,-61],"19,35":[-72,-62],"20,35":[-73,-63],"21,35":[-73,-63],"22,35":[-74,-64],"23,35":[-75,-65],"24,36":[-76,-66],"25,36":[-77,-58],"26,36":[-78,-68],"27,37":[-79,-69],"28,38":[-80,-70],"28,39":[-81,-71],"29,40":[-82,-72],"28,40":[-82,-72],"29,41":[-83,-73],"28,41":[-82,-72],"28,42":[-82,-70],"27,41":[-78,-67],"27,40":[-76,-65],"26,39":[-74,-63],"26,38":[-72,-61],"25,37":[-70,-60],"24,35":[-67,-57],"24,34":[-66,-56],"24,33":[-65,-55],"23,33":[-64,-54],"23,32":[-63,-49],"23,31":[-62,-50],"22,30":[-61,-51],"22,29":[-60,-49],"22,28":[-59,-49],"23,30":[-60,-50],"24,31":[-61,-51],"24,32":[-61,-50],"22,32":[-58,-47],"22,31":[-57,-47],"21,31":[-56,-46],"20,31":[-55,-45],"19,31":[-54,-44],"18,31":[-53,-43],"17,31":[-52,-42],"15,31":[-50,-40],"14,31":[-49,-39],"13,30":[-48,-38],"12,30":[-47,-36],"12,29":[-46,-36],"11,29":[-45,-35],"11,28":[-44,-34],"11,27":[-43,-33],"11,26":[-43,-33],"11,25":[-42,-32],"11,23":[-41,-31],"11,22":[-40,-30],"11,21":[-40,-30],"11,19":[-39,-29],"10,18":[-38,-28],"10,17":[-37,-27],"9,17":[-37,-27],"8,17":[-36,-26],"6,16":[-34,-24],"5,16":[-34,-24],"4,16":[-33,-23],"3,16":[-33,-23],"2,16":[-32,-22],"1,16":[-32,-19],"0,16":[-31,-19],"0,17":[-31,-20],"1,15":[-28,-18],"2,15":[-29,-19],"2,14":[-28,-18],"1,0":[0,1],"2,0":[0,1],"3,0":[0,1],"4,0":[0,1],"5,0":[0,1],"6,0":[0,1],"7,0":[0,1],"8,0":[0,1],"9,0":[0,4],"9,1":[0,1],"10,1":[2,3],"10,0":[2,3],"10,-1":[2,3],"10,-2":[2,3],"10,-3":[2,3],"10,-4":[2,3],"10,-5":[2,3],"10,-6":[2,3],"10,-7":[2,3],"10,-8":[2,3],"10,-9":[2,3],"10,-10":[2,15],"10,-11":[-4,15],"10,-12":[-4,-3]}}