{"type":"quadcraft_quadraygrid4_state","selq":[0,0,0,0],"camera":{"offsetX":759,"offsetY":229.5,"zoom":0.38742048900000015,"angleX":0.10999999999999997,"angleY":1.0100000000000038},"camPos":[-46.070658220301475,-37.91552273283803,28.387837870928962],"camQ":[-0.5691543603765765,0.07814401824637321,-0.5037500272423158,0.645130015213993],"textBoxToEval":"fillGridByFunc(selq, 5, q=>{\n\treturn q.toCartesian()[0]==0\n});\n/*fillGridByFunc(selq, 8, q=>{\n\treturn q.toCartesian()[0]<0\n});*/\n/*AddColoredDots(gridDotsNear(selq,5),'green');\n*/\n/*fillGridByFunc(selq, 5, q=>{\n\treturn Math.random()<.3;\n});*/\n","grid":{"oct":[],"tetZ":[],"tetC":[]},"ccp":{"28,15":[-4,13],"29,15":[-4,10],"28,16":[-4,11],"29,16":[-5,10],"30,15":[-4,11],"30,16":[-5,11],"31,15":[-4,11],"28,17":[-4,11],"29,17":[-5,10],"30,17":[-5,10],"31,16":[-5,11],"32,15":[-4,11],"31,17":[-5,10],"32,16":[-5,11],"28,18":[-4,10],"29,18":[-5,10],"30,18":[-5,10],"31,18":[-5,10],"32,17":[-5,10],"32,18":[-5,10],"28,19":[-4,10],"29,19":[-5,10],"30,19":[-6,10],"31,19":[-6,9],"32,19":[-6,9],"33,16":[-5,11],"33,17":[-5,10],"33,18":[-5,10],"33,19":[-6,9],"29,20":[-5,9],"30,20":[-6,9],"31,20":[-6,9],"32,20":[-6,9],"33,20":[-6,9],"33,15":[-4,11],"29,14":[-3,12],"30,14":[-3,12],"31,14":[-3,12],"32,14":[-3,12],"33,14":[-4,12],"29,13":[-2,13],"30,13":[-2,12],"31,13":[-2,12],"32,13":[-3,12],"33,13":[-4,12],"29,12":[-2,16],"30,12":[-2,13],"31,12":[-2,13],"32,12":[-3,13],"33,12":[-4,12],"28,11":[-1,17],"29,11":[-1,16],"28,12":[-1,17],"30,11":[-1,15],"31,11":[-2,14],"28,13":[-1,17],"32,11":[-3,13],"28,14":[-1,13],"28,10":[-1,17],"29,10":[-1,16],"30,10":[-1,15],"31,10":[-15,-5,-2,14],"32,10":[-16,-5,-3,13],"27,9":[0,17],"28,9":[0,17],"27,10":[0,17],"29,9":[-1,16],"30,9":[-1,15],"27,11":[0,17],"31,9":[-15,-3,-2,14],"27,12":[0,17],"27,13":[0,17],"27,8":[0,17],"28,8":[0,17],"29,8":[-1,16],"30,8":[-11,15],"31,8":[-15,14],"26,7":[1,16],"27,7":[1,16],"26,8":[1,17],"28,7":[1,16],"29,7":[-8,16],"26,9":[1,17],"30,7":[-11,15],"26,10":[1,24],"26,11":[1,24],"26,6":[1,14],"27,6":[1,14],"28,6":[1,14],"29,6":[-8,13],"30,6":[-11,13],"25,5":[2,14],"26,5":[2,14],"25,6":[2,14],"27,5":[2,14],"28,5":[-5,14],"25,7":[2,16],"29,5":[-8,13],"25,8":[2,17],"25,9":[2,17],"25,4":[3,15],"26,4":[3,15],"27,4":[3,15],"28,4":[-5,14],"29,4":[-8,13],"25,3":[3,16],"26,3":[3,16],"27,3":[-1,16],"28,3":[-5,14],"29,3":[-8,13],"24,2":[4,16],"25,2":[4,16],"24,3":[4,16],"26,2":[4,16],"27,2":[-1,16],"24,4":[4,15],"28,2":[-5,14],"24,5":[4,14],"24,6":[4,14],"24,1":[4,17],"25,1":[4,17],"26,1":[1,17],"27,1":[-1,16],"28,1":[-5,14],"23,0":[5,17],"24,0":[5,17],"23,1":[5,17],"25,0":[5,17],"26,0":[1,17],"23,2":[5,16],"27,0":[-1,16],"23,3":[5,16],"23,4":[5,15],"23,-1":[6,18],"24,-1":[6,18],"25,-1":[4,18],"26,-1":[1,17],"27,-1":[-1,16],"23,-2":[6,18],"24,-2":[6,18],"25,-2":[4,18],"26,-2":[1,17],"27,-2":[0,16],"22,-3":[7,19],"23,-3":[7,19],"22,-2":[7,18],"24,-3":[6,19],"25,-3":[4,18],"22,-1":[7,18],"26,-3":[1,17],"22,0":[7,17],"22,1":[7,17],"22,-4":[7,19],"23,-4":[7,19],"24,-4":[6,19],"25,-4":[4,18],"26,-4":[3,17],"21,-5":[7,19],"22,-5":[7,19],"21,-4":[8,19],"23,-5":[7,19],"24,-5":[6,19],"21,-3":[8,19],"25,-5":[4,18],"21,-2":[8,18],"21,-1":[8,18],"21,-6":[7,19],"22,-6":[7,19],"23,-6":[7,19],"24,-6":[6,19],"25,-6":[5,18],"20,-7":[7,19],"21,-7":[7,19],"20,-6":[7,19],"22,-7":[7,19],"23,-7":[7,19],"20,-5":[7,19],"24,-7":[6,19],"20,-4":[8,19],"20,-3":[8,19],"25,-7":[6,18],"20,-8":[7,18],"21,-8":[7,18],"22,-8":[7,18],"23,-8":[7,18],"24,-8":[7,18],"20,-9":[7,18],"21,-9":[7,18],"22,-9":[7,18],"23,-9":[7,18],"24,-9":[7,18],"19,-9":[7,18],"19,-8":[7,18],"19,-7":[7,18],"19,-6":[7,18],"19,-5":[8,18],"19,-10":[7,18],"20,-10":[7,18],"21,-10":[7,18],"22,-10":[7,18],"23,-10":[7,18],"19,-11":[7,18],"20,-11":[7,18],"21,-11":[7,18],"22,-11":[7,18],"23,-11":[7,18],"24,-10":[8,18],"25,-9":[7,18],"25,-8":[7,18],"26,-8":[7,17],"26,-7":[6,17],"26,-6":[5,17],"26,-5":[4,17],"27,-8":[7,17],"27,-7":[6,17],"27,-6":[5,17],"27,-5":[4,17],"27,-4":[3,17],"28,-7":[6,16],"28,-6":[5,16],"28,-5":[4,16],"28,-4":[3,16],"27,-3":[1,16],"28,-3":[1,16],"28,-2":[0,16],"29,-6":[5,15],"29,-5":[4,15],"29,-4":[3,15],"29,-3":[1,15],"29,-2":[0,15],"28,-1":[-1,14],"29,-1":[-1,14],"30,-4":[3,13],"30,-3":[1,13],"30,-2":[0,13],"30,-1":[-1,13],"28,0":[-3,13],"29,0":[-3,13],"30,0":[-3,13],"29,1":[-5,12],"30,1":[-5,12],"31,-2":[0,10],"31,-1":[-1,10],"31,0":[-3,10],"31,1":[-5,10],"29,2":[-7,10],"30,2":[-7,10],"31,2":[-7,10],"30,3":[-8,9],"31,3":[-8,9],"32,0":[-3,7],"32,1":[-5,7],"32,2":[-7,7],"32,3":[-8,7],"30,4":[-11,7],"31,4":[-11,7],"32,4":[-11,7],"30,5":[-11,6],"31,5":[-14,6],"32,5":[-14,6],"33,2":[-7,4],"33,3":[-8,4],"33,4":[-11,4],"33,5":[-14,4],"31,6":[-15,13],"32,6":[-16,4],"33,6":[-16,4],"31,7":[-15,14],"32,7":[-16,11],"33,7":[-17,10],"34,4":[-11,0],"34,5":[-14,0],"34,6":[-16,0],"34,7":[-18,0],"32,8":[-16,13],"33,8":[-17,10],"34,8":[-18,9],"35,5":[-14,-3],"35,6":[-16,-3],"35,7":[-18,-3],"35,8":[-18,-3],"32,9":[-16,13],"33,9":[-17,12],"34,9":[-18,9],"35,9":[-18,8],"33,10":[-17,-5,-4,12],"34,10":[-18,-5,-4,12],"35,10":[-18,-5,-4,8],"36,6":[-16,-6],"36,7":[-18,-4],"36,8":[-18,-4],"36,9":[-18,-4,-3,7],"36,10":[-18,7],"37,7":[-18,-1],"37,8":[-18,-1],"37,9":[-18,3],"37,10":[-18,6],"33,11":[-17,-7,-4,12],"34,11":[-18,-7,-4,12],"35,11":[-18,-7,-6,8],"36,11":[-18,7],"37,11":[-18,6],"38,7":[-18,-1],"38,8":[-18,-1],"38,9":[-18,3],"38,10":[-18,6],"38,11":[-18,6],"39,7":[-18,-1],"39,8":[-18,-1],"39,9":[-18,3],"39,10":[-18,3],"39,11":[-18,4],"40,7":[-17,-1],"40,8":[-17,-1],"40,9":[-17,3],"40,10":[-17,3],"40,11":[-17,4],"41,7":[-14,-1],"41,8":[-14,-1],"41,9":[-14,3],"41,10":[-14,3],"41,11":[-15,3],"37,6":[-12,-1],"38,6":[-12,-1],"39,6":[-12,-1],"40,6":[-12,-1],"41,6":[-12,-1],"37,12":[-15,6],"38,12":[-17,6],"39,12":[-17,4],"40,12":[-17,4],"41,12":[-17,3],"37,13":[-15,6],"38,13":[-18,6],"39,13":[-18,4],"40,13":[-18,4],"41,13":[-18,3],"37,14":[-15,6],"38,14":[-18,6],"39,14":[-19,4],"40,14":[-19,4],"41,14":[-19,3],"42,11":[-15,2],"42,12":[-17,2],"42,13":[-18,2],"42,14":[-19,1],"38,15":[-18,4],"39,15":[-19,4],"40,15":[-19,4],"41,15":[-19,3],"42,15":[-19,-1],"37,15":[-15,4],"38,16":[-18,-6],"39,16":[-19,-3],"40,16":[-19,-3],"41,16":[-19,-3],"42,16":[-19,-3],"38,17":[-18,-8],"39,17":[-19,-8],"40,17":[-19,-5],"41,17":[-19,-5],"42,17":[-19,-5],"43,13":[-18,0],"43,14":[-19,0],"43,15":[-19,-1],"43,16":[-19,-3],"43,17":[-19,-5],"39,18":[-19,-8],"40,18":[-19,-8],"41,18":[-19,-8],"42,18":[-19,-8],"43,18":[-19,-8],"44,14":[-19,-4],"44,15":[-19,-4],"44,16":[-19,-4],"44,17":[-19,-5],"44,18":[-19,-8],"44,13":[-17,-4],"43,12":[-14,0],"44,12":[-14,-4],"43,11":[-12,0],"42,10":[-10,2],"43,10":[-10,0],"42,9":[-8,2],"36,12":[-6,7],"36,13":[-6,7],"36,14":[-6,6],"36,15":[-6,4],"35,12":[-6,8],"35,13":[-6,10],"35,14":[-6,10],"35,15":[-6,10],"34,12":[-4,12],"34,13":[-4,12],"34,14":[-4,12],"34,15":[-1,11],"34,16":[-2,11],"35,16":[-2,10],"34,17":[-2,10],"35,17":[-2,10],"34,18":[-2,10],"35,18":[-2,10],"34,19":[-6,9],"35,19":[-2,9],"34,20":[-6,8],"35,20":[-2,8],"28,20":[-4,9],"27,15":[-1,13],"27,16":[-3,13],"27,17":[-3,12],"27,18":[-3,10],"27,19":[-3,10],"26,15":[0,23],"26,16":[0,17],"26,17":[-3,12],"26,18":[-3,12],"26,19":[-3,12],"26,14":[0,24],"27,14":[0,17],"25,14":[0,25],"25,15":[0,23],"25,16":[0,21],"25,17":[-2,19],"25,18":[-3,12],"24,13":[1,26],"25,13":[1,25],"24,14":[1,25],"26,13":[1,24],"24,15":[1,23],"24,16":[1,21],"24,17":[0,19],"23,13":[1,26],"23,14":[1,25],"23,15":[1,23],"23,16":[1,21],"23,17":[0,19],"33,21":[-7,5],"34,21":[-7,5],"33,22":[-7,5],"34,22":[-7,5],"35,21":[-6,5],"35,22":[-7,5],"36,21":[-6,5],"33,23":[-7,5],"34,23":[-7,5],"35,23":[-7,5],"36,22":[-7,5],"37,21":[-5,5],"36,23":[-7,5],"37,22":[-5,5],"33,24":[-7,5],"34,24":[-7,5],"35,24":[-7,5],"36,24":[-7,5],"37,23":[-5,5],"37,24":[-5,5],"33,25":[-7,5],"34,25":[-7,5],"35,25":[-7,5],"36,25":[-7,5],"37,25":[-5,5],"32,21":[-7,5],"32,22":[-7,5],"32,23":[-7,5],"32,24":[-7,5],"32,25":[-7,5],"32,26":[-7,4],"33,26":[-7,4],"34,26":[-7,4],"35,26":[-7,4],"36,26":[-7,4],"31,22":[-7,5],"31,23":[-7,4],