{"type":"quadcraft_quadraygrid4_state","selq":[0,0,0,0],"camera":{"offsetX":948.5,"offsetY":329,"zoom":0.38742048900000015,"angleX":0.10999999999999997,"angleY":1.0100000000000038},"camPos":[0.5865504068495057,-11.939373505052131,88.71856124491458],"camQ":[-0.08436390104880259,0.9941318461821019,-0.05583663003282059,0.03829980878505207],"textBoxToEval":"fillGridByFunc(selq, 5, q=>{\n\treturn q.toCartesian()[0]==0\n});\n/*fillGridByFunc(selq, 8, q=>{\n\treturn q.toCartesian()[0]<0\n});*/\n/*AddColoredDots(gridDotsNear(selq,5),'green');\n*/\n/*fillGridByFunc(selq, 5, q=>{\n\treturn Math.random()<.3;\n});*/\n","grid":{"oct":[],"tetZ":[],"tetC":[]},"ccp":{"28,16":[7,18],"27,16":[9,18],"27,15":[9,15],"26,15":[10,15],"25,14":[-8,16],"24,13":[-6,16],"23,13":[-6,16],"23,12":[-5,16],"22,12":[-5,16],"21,11":[-4,16],"20,11":[-4,16],"20,10":[-3,17],"19,10":[-3,17],"19,9":[-2,18],"18,9":[-2,18],"17,8":[-1,19],"16,8":[-1,19],"16,7":[0,21],"15,7":[0,21],"27,17":[9,18],"28,17":[7,18],"29,16":[-10,-4,-1,18],"29,17":[12,18],"30,16":[-10,-4,12,18],"27,18":[9,18],"28,18":[7,18],"29,18":[12,18],"30,17":[-20,-4,12,18],"31,16":[-19,-3,12,18],"30,18":[-20,-4,12,18],"31,17":[-20,-3,12,18],"32,16":[-19,-3,12,18],"27,19":[12,18],"28,19":[12,18],"29,19":[12,18],"30,19":[-20,-4,12,18],"31,18":[-20,-3,12,18],"32,17":[-20,-3,12,18],"33,16":[-19,-3,12,18],"31,19":[-20,-3,12,18],"32,18":[-20,-3,12,18],"33,17":[-20,-3,12,18],"34,16":[-19,-3,12,18],"27,20":[12,18],"28,20":[12,18],"29,20":[12,18],"30,20":[-20,-4,12,18],"31,20":[-20,-3,12,18],"32,19":[-20,-3,12,18],"33,18":[-20,-3,12,18],"34,17":[-20,-3,12,18],"35,16":[-19,-3,12,18],"32,20":[-20,-3,12,18],"33,19":[-20,-3,12,18],"34,18":[-20,-3,12,18],"35,17":[-20,-3,12,18],"36,16":[-19,-3,12,18],"33,20":[-20,-3,12,18],"34,19":[-20,-3,12,18],"35,18":[-20,-3,12,18],"36,17":[-20,-3,12,18],"37,16":[-19,-3,12,18],"34,20":[-20,-3,12,18],"35,19":[-20,-3,12,18],"36,18":[-20,-3,12,18],"37,17":[-20,-3,12,18],"35,20":[-20,-3,12,18],"36,19":[-21,-3,12,18],"37,18":[-20,-3,12,18],"36,20":[-21,-3,12,18],"37,19":[-21,-3,12,18],"37,20":[-21,-3,12,18],"27,21":[12,17],"28,21":[12,17],"29,21":[12,17],"30,21":[-20,-4,12,17],"31,21":[-20,-4,12,17],"32,21":[-20,-4,12,17],"33,21":[-20,-3,12,17],"34,21":[-20,-3,12,17],"35,21":[-20,-3,12,17],"36,21":[-21,-3,12,17],"37,21":[-21,-3,12,17],"26,17":[10,15],"26,18":[13,15],"26,19":[13,15],"26,20":[13,15],"26,21":[13,15],"32,22":[-11,-6],"33,22":[-11,-6],"34,22":[-20,-4],"35,22":[-20,-4],"36,22":[-21,-4],"25,16":[14,15],"26,16":[10,15],"24,16":[14,15],"24,15":[14,15],"25,15":[14,15],"28,15":[7,15],"29,15":[-9,15],"30,15":[-9,15],"31,15":[-9,10],"32,15":[-9,9],"33,15":[-9,8],"34,15":[-9,7],"23,15":[14,15],"23,16":[14,15],"23,14":[-8,-2,14,16],"24,14":[-8,-2,14,16],"26,14":[-8,16],"27,14":[-8,16],"28,14":[-8,16],"29,14":[-8,16],"30,14":[-8,16],"31,14":[-8,10],"32,14":[-8,9],"33,14":[-8,8],"22,14":[-8,-2,14,16],"22,15":[14,15],"22,16":[14,15],"21,14":[-7,-2,14,16],"21,15":[14,15],"21,16":[14,15],"21,13":[-6,16],"22,13":[-6,16],"25,13":[-6,16],"26,13":[-6,16],"27,13":[-6,16],"28,13":[-6,16],"29,13":[-6,16],"30,13":[-6,16],"31,13":[-6,10],"20,13":[-6,16],"20,14":[-6,-2,14,16],"20,15":[14,15],"20,16":[14,15],"20,12":[-5,16],"21,12":[-5,16],"24,12":[-5,16],"25,12":[-5,16],"26,12":[-5,16],"27,12":[-5,16],"28,12":[-5,16],"29,12":[-5,16],"30,12":[-5,16],"19,12":[-5,16],"19,13":[-5,16],"19,14":[-5,-2,14,16],"19,15":[14,15],"19,16":[14,15],"19,11":[-4,16],"22,11":[-4,16],"23,11":[-4,16],"24,11":[-4,16],"25,11":[-4,16],"26,11":[-4,16],"27,11":[-4,16],"28,11":[-4,16],"29,11":[-4,16],"18,11":[-4,16],"18,12":[-4,15],"18,13":[-4,15],"18,14":[-4,-2,14,15],"18,15":[14,15],"18,10":[-3,17],"21,10":[-3,17],"22,10":[-3,17],"23,10":[-3,17],"24,10":[-3,17],"25,10":[-3,16],"26,10":[-3,16],"27,10":[-3,16],"28,10":[-3,16],"17,9":[-2,18],"17,10":[-2,17],"20,9":[-2,18],"17,11":[-2,16],"21,9":[-2,18],"22,9":[-2,18],"17,12":[-2,15],"23,9":[-2,18],"24,9":[-2,17],"17,13":[-2,14],"25,9":[-2,16],"26,9":[-2,16],"27,9":[-2,16],"16,9":[-1,18],"18,8":[-1,19],"19,8":[-1,19],"16,10":[-1,17],"20,8":[-1,19],"21,8":[-1,19],"16,11":[-1,16],"22,8":[-1,19],"23,8":[-1,18],"16,12":[-1,15],"24,8":[-1,17],"25,8":[-1,16],"26,8":[-1,16],"15,8":[0,19],"17,7":[0,21],"18,7":[0,21],"15,9":[0,18],"19,7":[0,21],"20,7":[0,21],"15,10":[0,17],"21,7":[0,20],"22,7":[0,19],"15,11":[0,16],"23,7":[0,18],"24,7":[0,17],"25,7":[0,16],"14,6":[1,22],"15,6":[1,22],"14,7":[1,21],"16,6":[1,22],"17,6":[1,22],"14,8":[1,19],"18,6":[1,22],"19,6":[1,22],"14,9":[1,18],"20,6":[1,21],"21,6":[1,20],"14,10":[1,17],"22,6":[1,19],"23,6":[1,18],"24,6":[1,17],"13,5":[2,22],"14,5":[2,22],"13,6":[2,22],"15,5":[2,22],"16,5":[2,22],"13,7":[2,21],"17,5":[2,22],"18,5":[2,22],"13,8":[2,19],"19,5":[2,22],"20,5":[2,21],"13,9":[2,18],"21,5":[2,20],"22,5":[2,19],"23,5":[2,18],"12,4":[3,22],"13,4":[3,22],"12,5":[3,22],"14,4":[3,22],"15,4":[3,22],"12,6":[3,22],"16,4":[3,22],"17,4":[3,22],"12,7":[3,21],"18,4":[3,22],"19,4":[3,22],"12,8":[3,19],"20,4":[3,21],"21,4":[3,20],"22,4":[3,19],"11,3":[4,22],"12,3":[4,22],"11,4":[4,22],"13,3":[4,22],"14,3":[4,22],"11,5":[4,22],"15,3":[4,22],"16,3":[4,22],"11,6":[4,22],"17,3":[4,22],"18,3":[4,22],"11,7":[4,21],"19,3":[4,22],"20,3":[4,21],"21,3":[4,20],"10,3":[5,22],"10,4":[5,22],"10,5":[5,22],"10,6":[5,22],"10,7":[5,21],"10,2":[5,22],"11,2":[5,22],"12,2":[5,22],"13,2":[5,22],"14,2":[5,22],"15,2":[5,22],"16,2":[5,22],"17,2":[5,22],"18,2":[5,22],"19,2":[5,22],"20,2":[5,21],"9,2":[6,22],"9,3":[6,22],"9,4":[6,22],"9,5":[6,22],"9,6":[6,22],"17,14":[-3,-2],"18,16":[14,15],"30,11":[-1,16],"29,10":[-1,16],"30,10":[-1,16],"28,9":[0,16],"29,9":[0,16],"30,9":[0,16],"27,8":[0,16],"28,8":[0,16],"29,8":[0,16],"30,8":[0,16],"38,17":[-20,-3],"38,18":[-20,-3],"39,17":[-20,-3],"38,19":[-21,-3],"39,18":[-20,-3],"40,17":[-20,-3],"38,20":[-21,-3],"39,19":[-21,-3],"40,18":[-20,-3],"38,21":[-22,-3],"39,20":[-21,-3],"40,19":[-21,-3],"39,21":[-23,-3],"40,20":[-21,-3],"40,21":[-23,-3],"41,17":[-20,-3],"41,18":[-20,-3],"41,19":[-21,-3],"41,20":[-21,-3],"41,21":[-23,-3],"38,16":[-19,-3],"39,16":[-19,-3],"40,16":[-19,-3],"41,16":[-19,-3],"42,16":[-19,-3],"42,17":[-20,-3],"42,18":[-20,-3],"42,19":[-21,-3],"42,20":[-21,-3],"43,16":[-19,-3],"43,17":[-20,-3],"43,18":[-20,-3],"43,19":[-21,-3],"43,20":[-21,-3],"42,21":[-23,-3],"43,21":[-23,-3],"44,17":[-20,-3],"44,18":[-20,-3],"44,19":[-21,-3],"44,20":[-21,-3],"44,21":[-23,-3],"37,22":[-21,-4],"38,22":[-22,-4],"39,22":[-24,-4],"40,22":[-24,-4],"41,22":[-24,-4],"42,22":[-24,-4],"43,22":[-24,-4],"44,22":[-24,-4],"45,18":[-20,-4],"45,19":[-21,-4],"45,20":[-21,-4],"45,21":[-23,-4],"45,22":[-24,-4],"36,23":[-21,-5],"37,23":[-21,-5],"38,23":[-22,-5],"39,23":[-24,-5],"40,23":[-24,-5],"41,23":[-26,-5],"42,23":[-26,-5],"46,19":[-21,-5],"43,23":[-26,-5],"46,20":[-21,-5],"44,23":[-26,-5],"46,21":[-23,-5],"45,23":[-26,-5],"46,22":[-24,-5],"46,23":[-26,-5],"36,24":[-21,-5],"37,24":[-21,-5],"38,24":[-22,-5],"39,24":[-24,-5],"40,24":[-24,-5],"41,24":[-26,-5],"42,24":[-27,-5],"43,24":[-28,-5],"44,24":[-28,-5],"45,24":[-28,-5],"46,24":[-28,-5],"47,20":[-21,-5],"47,21":[-23,-5],"47,22":[-24,-5],"47,23":[-26,-5],"47,24":[-28,-5],"38,25":[-22,-6],"39,25":[-24,-6],"40,25":[-24,-6],"41,25":[-26,-6],"42,25":[-27,-6],"43,25":[-28,-6],"44,25":[-29,-6],"48,21":[-23,-6],"45,25":[-30,-6],"48,22":[-24,-6],"46,25":[-30,-6],"48,23":[-26,-6],"47,25":[-30,-6],"48,24":[-28,-6],"48,25":[-30,-6],"49,21":[-23,-7],"49,22":[-24,-7],"49,23":[-26,-7],"49,24":[-28,-7],"49,25":[-30,-7],"39,26":[-24,-8],"40,26":[-24,-8],"41,26":[-26,-8],"42,26":[-27,-8],"43,26":[-28,-8],"44,26":[-29,-8],"45,26":[-30,-8],"46,26":[-31,-8],"47,26":[-31,-8],"48,26":[-31,-8],"49,26":[-31,-8],"50,22":[-24,-8],"50,23":[-26,-8],"50,24":[-28,-8],"50,25":[-30,-8],"50,26":[-31,-8],"41,27":[-26,-10],"42,27":[-27,-10],"43,27":[-28,-10],"44,27":[-29,-10],"45,27":[-30,-10],"46,27":[-31,-10],"47,27":[-31,-10],"51,23":[-26,-10],"48,27":[-31,-10],"51,24":[-28,-10],"49,27":[-31,-10],"51,25":[-30,-10],"50,27":[-31,-10],"51,26":[-31,-10],