{"type":"quadcraft_quadraygrid5_state","selq":[0,0,0,0],"camera":{"offsetX":731,"offsetY":141,"zoom":0.38742048900000015,"angleX":0.10999999999999997,"angleY":1.0100000000000038},"camPos":[0,0,-5],"camQ":[0,0,0,1],"textBoxToEval":"fillGridByFunc(selq, 5, q=>{\n\treturn q.toCartesian()[0]==0\n});\n/*fillGridByFunc(selq, 8, q=>{\n\treturn q.toCartesian()[0]<0\n});*/\n/*AddColoredDots(gridDotsNear(selq,5),'green');\n*/\n/*fillGridByFunc(selq, 5, q=>{\n\treturn Math.random()<.3;\n});*/\n","grid":{"oct":[],"tetZ":[],"tetC":[]},"chk":{"displayTopStuff":true,"chkQuaternionCamera":true,"isConePlaneIntersection":true,"isCcpBallGrid":true,"useSurfaceCacheInRanges":true,"display_camQuadLabel":false,"holdTestBallInFrontOfCam":false,"dbgShowNearestVoid":true,"directionsButtonsMoveCam":true},"selectBrushNames":["repeatD10"],"V":{"p":0,"v":0,"pu":{"QuadCraft":{"p":0,"v":0,"pu":{"Room1":{"p":0,"v":0,"pu":{"Ball":{"p":0,"v":0,"pu":{"B1":{"p":0,"v":0,"pu":{"X":{"p":-0.045866651931752406,"v":0.03201529152859213,"cv":5.31},"Y":{"p":-32.66891353856434,"v":-5.524383606634281,"cv":5.31},"Z":{"p":50.40354308562522,"v":0.4185302500676782,"cv":5.31},"Red":{"p":117,"v":0},"Green":{"p":86,"v":0},"Blue":{"p":255,"v":0},"IsHitOtherBall":{"p":0,"v":0},"IsHitHardOtherBall":{"p":0,"v":0},"IsHitCCP":{"p":0,"v":0}}},"B2":{"p":0,"v":0,"pu":{"X":{"p":0.4088604974154261,"v":-0.8274604106346929,"cv":5.31},"Y":{"p":-32.02063729695255,"v":-6.143688253894245,"cv":5.31},"Z":{"p":47.26044557622653,"v":1.7100672194103916,"cv":5.31},"Red":{"p":0,"v":0},"Green":{"p":25,"v":0},"Blue":{"p":255,"v":0},"IsHitOtherBall":{"p":0,"v":0},"IsHitHardOtherBall":{"p":0,"v":0},"IsHitCCP":{"p":1,"v":0}}},"B3":{"p":0,"v":0,"pu":{"X":{"p":-0.25588131792555224,"v":-0.007362505047196958,"cv":5.31},"Y":{"p":-28.961931971395806,"v":-5.553369613466689,"cv":5.31},"Z":{"p":51.82569416245572,"v":-0.0014293827579136972,"cv":5.31},"Red":{"p":79,"v":0},"Green":{"p":45,"v":0},"Blue":{"p":255,"v":0},"IsHitOtherBall":{"p":0,"v":0},"IsHitHardOtherBall":{"p":0,"v":0},"IsHitCCP":{"p":0,"v":0}}},"B4":{"p":0,"v":0,"pu":{"X":{"p":-3.049785693958122,"v":0.000012651115393571088,"cv":5.31},"Y":{"p":-23.17221294774985,"v":-5.551081798328827,"cv":5.31},"Z":{"p":47.7963917161836,"v":-0.00008530766651169176,"cv":5.31},"Red":{"p":126,"v":0},"Green":{"p":59,"v":0},"Blue":{"p":255,"v":0},"IsHitOtherBall":{"p":0,"v":0},"IsHitHardOtherBall":{"p":0,"v":0},"IsHitCCP":{"p":0,"v":0}}},"B5":{"p":0,"v":0,"pu":{"X":{"p":-0.38920817459422125,"v":0.6613725717601644,"cv":5.31},"Y":{"p":-39.953026148626364,"v":-9.161475186581232,"cv":5.31},"Z":{"p":47.621128704529994,"v":-2.6473939896865004,"cv":5.31},"Red":{"p":69,"v":0},"Green":{"p":27,"v":0},"Blue":{"p":255,"v":0},"IsHitOtherBall":{"p":0,"v":0},"IsHitHardOtherBall":{"p":0,"v":0},"IsHitCCP":{"p":0,"v":0}}},"B6":{"p":0,"v":0,"pu":{"X":{"p":1.5572899615626195,"v":-0.10908627652356517,"cv":5.31},"Y":{"p":-28.361001754973653,"v":-5.5322418590883675,"cv":5.31},"Z":{"p":52.706221630503805,"v":0.7867133533433408,"cv":5.31},"Red":{"p":118,"v":0},"Green":{"p":57,"v":0},"Blue":{"p":255,"v":0},"IsHitOtherBall":{"p":0,"v":0},"IsHitHardOtherBall":{"p":0,"v":0},"IsHitCCP":{"p":0,"v":0}}},"B7":{"p":0,"v":0,"pu":{"X":{"p":-1.5915187782886826,"v":0.11928828616675506,"cv":5.31},"Y":{"p":-27.910286369202282,"v":-5.65978770278227,"cv":5.31},"Z":{"p":49.53245858384463,"v":-0.47377755123958937,"cv":5.31},"Red":{"p":128,"v":0},"Green":{"p":35,"v":0},"Blue":{"p":255,"v":0},"IsHitOtherBall":{"p":0,"v":0},"IsHitHardOtherBall":{"p":0,"v":0},"IsHitCCP":{"p":0,"v":0}}},"B8":{"p":0,"v":0,"pu":{"X":{"p":1.2741404241730794,"v":1.114891854246143e-8,"cv":5.31},"Y":{"p":-25.147355756051386,"v":-5.551051370504407,"cv":5.31},"Z":{"p":52.08852843236515,"v":-9.860650829796344e-9,"cv":5.31},"Red":{"p":6,"v":0},"Green":{"p":27,"v":0},"Blue":{"p":255,"v":0},"IsHitOtherBall":{"p":0,"v":0},"IsHitHardOtherBall":{"p":0,"v":0},"IsHitCCP":{"p":0,"v":0}}},"B9":{"p":0,"v":0,"pu":{"X":{"p":0.3488644392498905,"v":-0.01890122977585844,"cv":5.31},"Y":{"p":-27.566459760638597,"v":-5.577103470620817,"cv":5.31},"Z":{"p":49.958407187645214,"v":0.08289661462537457,"cv":5.31},"Red":{"p":80,"v":0},"Green":{"p":137,"v":0},"Blue":{"p":255,"v":0},"IsHitOtherBall":{"p":0,"v":0},"IsHitHardOtherBall":{"p":0,"v":0},"IsHitCCP":{"p":1,"v":0}}},"B10":{"p":0,"v":0,"pu":{"X":{"p":3.177868903700082,"v":-0.028757001837797495,"cv":5.31},"Y":{"p":-25.523952451137028,"v":-5.491900760816601,"cv":5.31},"Z":{"p":57.306378210801974,"v":0.05555990752492985,"cv":5.31},"Red":{"p":125,"v":0},"Green":{"p":145,"v":0},"Blue":{"p":255,"v":0},"IsHitOtherBall":{"p":0,"v":0},"IsHitHardOtherBall":{"p":0,"v":0},"IsHitCCP":{"p":0,"v":0}}},"B11":{"p":0,"v":0,"pu":{"X":{"p":1.248177094267899,"v":2.569621457004653e-8,"cv":5.31},"Y":{"p":-27.330559578337283,"v":-5.551051487247494,"cv":5.31},"Z":{"p":47.21522794323615,"v":-8.824322641033283e-8,"cv":5.31},"Red":{"p":58,"v":0},"Green":{"p":20,"v":0},"Blue":{"p":255,"v":0},"IsHitOtherBall":{"p":0,"v":0},"IsHitHardOtherBall":{"p":0,"v":0},"IsHitCCP":{"p":0,"v":0}}},"B12":{"p":0,"v":0,"pu":{"X":{"p":-2.6975109787382237,"v":-1.783778279031886e-7,"cv":5.31},"Y":{"p":-21.024721888862725,"v":-5.551051268713802,"cv":5.31},"Z":{"p":52.89771417880547,"v":1.8784547518569755e-7,"cv":5.31},"Red":{"p":108,"v":0},"Green":{"p":119,"v":0},"Blue":{"p":255,"v":0},"IsHitOtherBall":{"p":0,"v":0},"IsHitHardOtherBall":{"p":0,"v":0},"IsHitCCP":{"p":0,"v":0}}},"B13":{"p":0,"v":0,"pu":{"X":{"p":3.092273370540796,"v":-0.0035065109961066408,"cv":5.31},"Y":{"p":-24.413971718635327,"v":-5.553354687064157,"cv":5.31},"Z":{"p":48.99271216687261,"v":0.006685271920167064,"cv":5.31},"Red":{"p":65,"v":0},"Green":{"p":61,"v":0},"Blue":{"p":255,"v":0},"IsHitOtherBall":{"p":0,"v":0},"IsHitHardOtherBall":{"p":0,"v":0},"IsHitCCP":{"p":0,"v":0}}},"B14":{"p":0,"v":0,"pu":{"X":{"p":1.499136049076949,"v":1.3196156937306192e-7,"cv":5.31},"Y":{"p":-22.28447878829308,"v":-5.551051312814812,"cv":5.31},"Z":{"p":47.27386643115662,"v":-3.1450557284485523e-7,"cv":5.31},"Red":{"p":70,"v":0},"Green":{"p":122,"v":0},"Blue":{"p":255,"v":0},"IsHitOtherBall":{"p":0,"v":0},"IsHitHardOtherBall":{"p":0,"v":0},"IsHitCCP":{"p":0,"v":0}}},"B15":{"p":0,"v":0,"pu":{"X":{"p":-2.7999089337579375,"v":-0.00008928712493267604,"cv":5.31},"Y":{"p":-21.467000231044565,"v":-5.549658744959249,"cv":5.31},"Z":{"p":50.72981950559738,"v":-0.0005215466874461951,"cv":5.31},"Red":{"p":52,"v":0},"Green":{"p":52,"v":0},"Blue":{"p":255,"v":0},"IsHitOtherBall":{"p":0,"v":0},"IsHitHardOtherBall":{"p":0,"v":0},"IsHitCCP":{"p":0,"v":0}}},"B16":{"p":0,"v":0,"pu":{"X":{"p":2.7278919658339404,"v":0.000001487420860222177,"cv":5.31},"Y":{"p":-22.696126701999,"v":-5.551050387689827,"cv":5.31},"Z":{"p":50.426522529456086,"v":2.2113118679584943e-7,"cv":5.31},"Red":{"p":84,"v":0},"Green":{"p":26,"v":0},"Blue":{"p":255,"v":0},"IsHitOtherBall":{"p":0,"v":0},"IsHitHardOtherBall":{"p":0,"v":0},"IsHitCCP":{"p":0,"v":0}}},"B17":{"p":0,"v":0,"pu":{"X":{"p":-4.27876097169725,"v":-0.00005127543962239961,"cv":5.31},"Y":{"p":-18.89713229681195,"v":-5.551182205280813,"cv":5.31},"Z":{"p":53.947719439206175,"v":0.00041767297410650147,"cv":5.31},"Red":{"p":38,"v":0},"Green":{"p":15,"v":0},"Blue":{"p":255,"v":0},"IsHitOtherBall":{"p":0,"v":0},"IsHitHardOtherBall":{"p":0,"v":0},"IsHitCCP":{"p":0,"v":0}}},"B18":{"p":0,"v":0,"pu":{"X":{"p":0.30346945400323455,"v":-0.0004670966279398465,"cv":5.31},"Y":{"p":-23.63127396253163,"v":-5.552168783848299,"cv":5.31},"Z":{"p":49.96251584225412,"v":0.0014325316009819078,"cv":5.31},"Red":{"p":12,"v":0},"Green":{"p":59,"v":0},"Blue":{"p":255,"v":0},"IsHitOtherBall":{"p":0,"v":0},"IsHitHardOtherBall":{"p":0,"v":0},"IsHitCCP":{"p":0,"v":0}}},"B19":{"p":0,"v":0,"pu":{"X":{"p":-4.534979112211894,"v":0.11936335671583148,"cv":5.31},"Y":{"p":-19.08974327262015,"v":-5.607346736470842,"cv":5.31},"Z":{"p":49.907863287811175,"v":-0.16903102775262963,"cv":5.31},"Red":{"p":148,"v":0},"Green":{"p":104,"v":0},"Blue":{"p":255,"v":0},